timestamp,kernel,nx,ny,steps,warmup,repetition,threads,pinned,seconds,mlups,ns_per_update,estimated_gbps,mass_relative_error,velocity_l2_error,checksum,temp_before_c,temp_after_c,cpu_khz,finite,compiler,build_flags
1786010915,aos,16,16,500,20,0,1,1,0.051921510,2.465260,405.636797,0.177499,7.293128769e-07,5.144629202e+05,2.560001831781e+02,39.166,38.628,700000,1,"14.2.0","rpi3-armv7-neon-O3"
1786010915,aos,16,16,500,20,0,1,1,0.041880313,3.056329,327.189945,0.220056,7.293128769e-07,5.144629202e+05,2.560001831781e+02,39.166,39.166,1000000,1,"14.2.0","rpi3-armv7-neon-O3"
1786010915,aos,16,16,500,20,0,1,1,0.029610052,4.322856,231.328531,0.311246,7.293128769e-07,5.144629202e+05,2.560001831781e+02,39.166,38.628,1400000,1,"14.2.0","rpi3-armv7-neon-O3"
1786010915,aos,16,16,500,20,0,1,1,0.029665990,4.314705,231.765547,0.310659,7.293128769e-07,5.144629202e+05,2.560001831781e+02,38.628,39.166,1400000,1,"14.2.0","rpi3-armv7-neon-O3"
1786010915,aos,16,16,500,20,0,1,1,0.029719062,4.307000,232.180172,0.310104,7.293128769e-07,5.144629202e+05,2.560001831781e+02,39.166,39.166,1400000,1,"14.2.0","rpi3-armv7-neon-O3"
1786010915,aos,16,16,500,20,0,1,1,0.029634427,4.319301,231.518961,0.310990,7.293128769e-07,5.144629202e+05,2.560001831781e+02,39.166,39.166,1400000,1,"14.2.0","rpi3-armv7-neon-O3"
1786010915,aos,16,16,500,20,0,1,1,0.029579271,4.327355,231.088055,0.311570,7.293128769e-07,5.144629202e+05,2.560001831781e+02,39.166,39.166,1400000,1,"14.2.0","rpi3-armv7-neon-O3"
1786010915,aos,16,16,500,20,0,1,1,0.029663021,4.315137,231.742352,0.310690,7.293128769e-07,5.144629202e+05,2.560001831781e+02,38.628,39.166,1400000,1,"14.2.0","rpi3-armv7-neon-O3"
1786010915,aos,16,16,500,20,0,1,1,0.029684844,4.311965,231.912844,0.310461,7.293128769e-07,5.144629202e+05,2.560001831781e+02,38.628,39.704,1400000,1,"14.2.0","rpi3-armv7-neon-O3"
1786010916,aos,16,16,500,20,0,1,1,0.029657761,4.315902,231.701258,0.310745,7.293128769e-07,5.144629202e+05,2.560001831781e+02,39.166,38.628,1400000,1,"14.2.0","rpi3-armv7-neon-O3"
1786010916,soa,16,16,500,20,0,1,1,0.023614323,5.420439,184.486898,0.390272,7.293128769e-07,5.144629202e+05,2.560001831781e+02,38.628,39.166,1400000,1,"14.2.0","rpi3-armv7-neon-O3"
1786010916,soa,16,16,500,20,0,1,1,0.023630573,5.416712,184.613852,0.390003,7.293128769e-07,5.144629202e+05,2.560001831781e+02,39.704,39.166,1400000,1,"14.2.0","rpi3-armv7-neon-O3"
1786010916,soa,16,16,500,20,0,1,1,0.023577292,5.428953,184.197594,0.390885,7.293128769e-07,5.144629202e+05,2.560001831781e+02,39.704,39.166,1400000,1,"14.2.0","rpi3-armv7-neon-O3"
1786010916,soa,16,16,500,20,0,1,1,0.023511146,5.444226,183.680828,0.391984,7.293128769e-07,5.144629202e+05,2.560001831781e+02,38.628,39.166,1400000,1,"14.2.0","rpi3-armv7-neon-O3"
1786010916,soa,16,16,500,20,0,1,1,0.023540625,5.437409,183.911133,0.391493,7.293128769e-07,5.144629202e+05,2.560001831781e+02,39.166,39.704,1400000,1,"14.2.0","rpi3-armv7-neon-O3"
1786010916,soa,16,16,500,20,0,1,1,0.023673229,5.406951,184.947102,0.389301,7.293128769e-07,5.144629202e+05,2.560001831781e+02,39.704,39.166,1400000,1,"14.2.0","rpi3-armv7-neon-O3"
1786010916,soa,16,16,500,20,0,1,1,0.023515573,5.443201,183.715414,0.391911,7.293128769e-07,5.144629202e+05,2.560001831781e+02,39.704,39.704,1400000,1,"14.2.0","rpi3-armv7-neon-O3"
1786010916,soa,16,16,500,20,0,1,1,0.023580625,5.428185,184.223633,0.390829,7.293128769e-07,5.144629202e+05,2.560001831781e+02,39.704,40.242,1400000,1,"14.2.0","rpi3-armv7-neon-O3"
1786010916,soa,16,16,500,20,0,1,1,0.023531771,5.439455,183.841961,0.391641,7.293128769e-07,5.144629202e+05,2.560001831781e+02,39.704,39.166,1400000,1,"14.2.0","rpi3-armv7-neon-O3"
1786010916,soa,16,16,500,20,0,1,1,0.023606354,5.422269,184.424641,0.390403,7.293128769e-07,5.144629202e+05,2.560001831781e+02,39.704,40.242,1400000,1,"14.2.0","rpi3-armv7-neon-O3"
1786010916,auto,16,16,500,20,0,1,1,0.020090000,6.371329,156.953125,0.458736,7.294874999e-07,5.151459101e+05,2.560001831334e+02,39.704,40.242,1400000,1,"14.2.0","rpi3-armv7-neon-O3"
1786010916,auto,16,16,500,20,0,1,1,0.019926510,6.423604,155.675859,0.462499,7.294874999e-07,5.151459101e+05,2.560001831334e+02,39.704,39.704,1400000,1,"14.2.0","rpi3-armv7-neon-O3"
1786010916,auto,16,16,500,20,0,1,1,0.019822136,6.457427,154.860438,0.464935,7.294874999e-07,5.151459101e+05,2.560001831334e+02,39.704,39.704,1400000,1,"14.2.0","rpi3-armv7-neon-O3"
1786010916,auto,16,16,500,20,0,1,1,0.019869948,6.441889,155.233969,0.463816,7.294874999e-07,5.151459101e+05,2.560001831334e+02,39.704,39.166,1400000,1,"14.2.0","rpi3-armv7-neon-O3"
1786010916,auto,16,16,500,20,0,1,1,0.019812656,6.460517,154.786375,0.465157,7.294874999e-07,5.151459101e+05,2.560001831334e+02,39.704,39.704,1400000,1,"14.2.0","rpi3-armv7-neon-O3"
1786010916,auto,16,16,500,20,0,1,1,0.019998907,6.400350,156.241461,0.460825,7.294874999e-07,5.151459101e+05,2.560001831334e+02,39.704,39.704,1400000,1,"14.2.0","rpi3-armv7-neon-O3"
1786010916,auto,16,16,500,20,0,1,1,0.019828281,6.455426,154.908445,0.464791,7.294874999e-07,5.151459101e+05,2.560001831334e+02,39.704,39.704,1400000,1,"14.2.0","rpi3-armv7-neon-O3"
1786010916,auto,16,16,500,20,0,1,1,0.019806719,6.462453,154.739992,0.465297,7.294874999e-07,5.151459101e+05,2.560001831334e+02,39.704,39.704,1400000,1,"14.2.0","rpi3-armv7-neon-O3"
1786010916,auto,16,16,500,20,0,1,1,0.019855000,6.446739,155.117188,0.464165,7.294874999e-07,5.151459101e+05,2.560001831334e+02,39.704,39.704,1400000,1,"14.2.0","rpi3-armv7-neon-O3"
1786010916,auto,16,16,500,20,0,1,1,0.019806823,6.462420,154.740805,0.465294,7.294874999e-07,5.151459101e+05,2.560001831334e+02,39.704,39.704,1400000,1,"14.2.0","rpi3-armv7-neon-O3"
1786010916,neon,16,16,500,20,0,1,1,0.017555625,7.291110,137.153320,0.524960,7.190101211e-07,1.175191796e+06,2.560002097394e+02,40.242,40.780,1400000,1,"14.2.0","rpi3-armv7-neon-O3"
1786010916,neon,16,16,500,20,0,1,1,0.017817656,7.183885,139.200437,0.517240,7.190101211e-07,1.175191796e+06,2.560002097394e+02,40.242,40.242,1400000,1,"14.2.0","rpi3-armv7-neon-O3"
1786010916,neon,16,16,500,20,0,1,1,0.017650313,7.251996,137.893070,0.522144,7.190101211e-07,1.175191796e+06,2.560002097394e+02,39.704,39.704,1400000,1,"14.2.0","rpi3-armv7-neon-O3"
1786010916,neon,16,16,500,20,0,1,1,0.017899895,7.150880,139.842930,0.514863,7.190101211e-07,1.175191796e+06,2.560002097394e+02,40.242,40.242,1400000,1,"14.2.0","rpi3-armv7-neon-O3"
1786010917,neon,16,16,500,20,0,1,1,0.017550156,7.293382,137.110594,0.525124,7.190101211e-07,1.175191796e+06,2.560002097394e+02,39.704,39.704,1400000,1,"14.2.0","rpi3-armv7-neon-O3"
1786010917,neon,16,16,500,20,0,1,1,0.017634531,7.258486,137.769773,0.522611,7.190101211e-07,1.175191796e+06,2.560002097394e+02,39.704,39.704,1400000,1,"14.2.0","rpi3-armv7-neon-O3"
1786010917,neon,16,16,500,20,0,1,1,0.017535313,7.299556,136.994633,0.525568,7.190101211e-07,1.175191796e+06,2.560002097394e+02,39.704,39.704,1400000,1,"14.2.0","rpi3-armv7-neon-O3"
1786010917,neon,16,16,500,20,0,1,1,0.017658021,7.248830,137.953289,0.521916,7.190101211e-07,1.175191796e+06,2.560002097394e+02,40.242,40.780,1400000,1,"14.2.0","rpi3-armv7-neon-O3"
1786010917,neon,16,16,500,20,0,1,1,0.017581042,7.280570,137.351891,0.524201,7.190101211e-07,1.175191796e+06,2.560002097394e+02,39.704,39.704,1400000,1,"14.2.0","rpi3-armv7-neon-O3"
1786010917,neon,16,16,500,20,0,1,1,0.017520573,7.305697,136.879477,0.526010,7.190101211e-07,1.175191796e+06,2.560002097394e+02,39.704,39.704,1400000,1,"14.2.0","rpi3-armv7-neon-O3"
1786010917,soa,64,64,500,20,0,1,1,0.584616354,3.503152,285.457204,0.252227,3.728472584e-06,1.629757779e-03,4.096015303780e+03,39.704,40.780,1400000,1,"14.2.0","rpi3-armv7-neon-O3"
1786010918,soa,64,64,500,20,0,1,1,0.541202396,3.784167,264.258982,0.272460,3.728472584e-06,1.629757779e-03,4.096015303780e+03,40.780,40.780,1400000,1,"14.2.0","rpi3-armv7-neon-O3"
1786010919,soa,64,64,500,20,0,1,1,0.542716041,3.773612,264.998067,0.271700,3.728472584e-06,1.629757779e-03,4.096015303780e+03,40.780,41.318,1400000,1,"14.2.0","rpi3-armv7-neon-O3"
1786010919,soa,64,64,500,20,0,1,1,0.561400364,3.648020,274.121271,0.262657,3.728472584e-06,1.629757779e-03,4.096015303780e+03,41.318,41.856,1400000,1,"14.2.0","rpi3-armv7-neon-O3"
1786010920,soa,64,64,500,20,0,1,1,0.553786667,3.698175,270.403646,0.266269,3.728472584e-06,1.629757779e-03,4.096015303780e+03,41.856,42.394,1400000,1,"14.2.0","rpi3-armv7-neon-O3"
1786010920,soa,64,64,500,20,0,1,1,0.572888802,3.574865,279.730860,0.257390,3.728472584e-06,1.629757779e-03,4.096015303780e+03,41.856,41.856,1400000,1,"14.2.0","rpi3-armv7-neon-O3"
1786010921,soa,64,64,500,20,0,1,1,0.556367500,3.681020,271.663818,0.265033,3.728472584e-06,1.629757779e-03,4.096015303780e+03,41.856,41.856,1400000,1,"14.2.0","rpi3-armv7-neon-O3"
1786010922,soa,64,64,500,20,0,1,1,0.551293490,3.714900,269.186274,0.267473,3.728472584e-06,1.629757779e-03,4.096015303780e+03,41.856,41.856,1400000,1,"14.2.0","rpi3-armv7-neon-O3"
1786010922,soa,64,64,500,20,0,1,1,0.559532448,3.660199,273.209203,0.263534,3.728472584e-06,1.629757779e-03,4.096015303780e+03,42.932,42.394,1400000,1,"14.2.0","rpi3-armv7-neon-O3"
1786010923,soa,64,64,500,20,0,1,1,0.571877448,3.581187,279.237035,0.257845,3.728472584e-06,1.629757779e-03,4.096015303780e+03,42.932,42.932,1400000,1,"14.2.0","rpi3-armv7-neon-O3"
1786010923,auto,64,64,500,20,0,1,1,0.456785885,4.483501,223.039983,0.322812,3.727477597e-06,1.632442654e-03,4.096015299600e+03,42.932,42.932,1400000,1,"14.2.0","rpi3-armv7-neon-O3"
1786010924,auto,64,64,500,20,0,1,1,0.483838281,4.232819,236.249161,0.304763,3.727477597e-06,1.632442654e-03,4.096015299600e+03,42.394,42.932,1400000,1,"14.2.0","rpi3-armv7-neon-O3"
1786010924,auto,64,64,500,20,0,1,1,0.480825885,4.259338,234.778264,0.306672,3.727477597e-06,1.632442654e-03,4.096015299600e+03,42.932,42.932,1400000,1,"14.2.0","rpi3-armv7-neon-O3"
1786010925,auto,64,64,500,20,0,1,1,0.477938333,4.285072,233.368327,0.308525,3.727477597e-06,1.632442654e-03,4.096015299600e+03,42.932,42.932,1400000,1,"14.2.0","rpi3-armv7-neon-O3"
1786010925,auto,64,64,500,20,0,1,1,0.473035989,4.329480,230.974604,0.311723,3.727477597e-06,1.632442654e-03,4.096015299600e+03,42.932,42.932,1400000,1,"14.2.0","rpi3-armv7-neon-O3"
1786010926,auto,64,64,500,20,0,1,1,0.480037448,4.266334,234.393285,0.307176,3.727477597e-06,1.632442654e-03,4.096015299600e+03,43.470,42.932,1400000,1,"14.2.0","rpi3-armv7-neon-O3"
1786010926,auto,64,64,500,20,0,1,1,0.473993489,4.320734,231.442133,0.311093,3.727477597e-06,1.632442654e-03,4.096015299600e+03,42.932,42.932,1400000,1,"14.2.0","rpi3-armv7-neon-O3"
1786010927,auto,64,64,500,20,0,1,1,0.478755052,4.277762,233.767115,0.307999,3.727477597e-06,1.632442654e-03,4.096015299600e+03,43.470,43.470,1400000,1,"14.2.0","rpi3-armv7-neon-O3"
1786010927,auto,64,64,500,20,0,1,1,0.458051822,4.471110,223.658116,0.321920,3.727477597e-06,1.632442654e-03,4.096015299600e+03,43.470,43.470,1400000,1,"14.2.0","rpi3-armv7-neon-O3"
1786010928,auto,64,64,500,20,0,1,1,0.489170781,4.186677,238.852920,0.301441,3.727477597e-06,1.632442654e-03,4.096015299600e+03,42.932,42.932,1400000,1,"14.2.0","rpi3-armv7-neon-O3"
1786010928,neon,64,64,500,20,0,1,1,0.274155573,7.470211,133.865026,0.537855,6.455713839e-06,1.641727066e-03,4.096026513073e+03,44.008,42.932,1400000,1,"14.2.0","rpi3-armv7-neon-O3"
1786010929,neon,64,64,500,20,0,1,1,0.271431979,7.545168,132.535146,0.543252,6.455713839e-06,1.641727066e-03,4.096026513073e+03,43.470,43.470,1400000,1,"14.2.0","rpi3-armv7-neon-O3"
1786010929,neon,64,64,500,20,0,1,1,0.277900312,7.369549,135.693512,0.530608,6.455713839e-06,1.641727066e-03,4.096026513073e+03,43.470,43.470,1400000,1,"14.2.0","rpi3-armv7-neon-O3"
1786010929,neon,64,64,500,20,0,1,1,0.273759948,7.481007,133.671850,0.538632,6.455713839e-06,1.641727066e-03,4.096026513073e+03,43.470,43.470,1400000,1,"14.2.0","rpi3-armv7-neon-O3"
1786010930,neon,64,64,500,20,0,1,1,0.273438906,7.489790,133.515091,0.539265,6.455713839e-06,1.641727066e-03,4.096026513073e+03,43.470,43.470,1400000,1,"14.2.0","rpi3-armv7-neon-O3"
1786010930,neon,64,64,500,20,0,1,1,0.273723437,7.482005,133.654022,0.538704,6.455713839e-06,1.641727066e-03,4.096026513073e+03,42.932,42.932,1400000,1,"14.2.0","rpi3-armv7-neon-O3"
1786010930,neon,64,64,500,20,0,1,1,0.275420156,7.435912,134.482498,0.535386,6.455713839e-06,1.641727066e-03,4.096026513073e+03,43.470,42.932,1400000,1,"14.2.0","rpi3-armv7-neon-O3"
1786010930,neon,64,64,500,20,0,1,1,0.272489374,7.515889,133.051452,0.541144,6.455713839e-06,1.641727066e-03,4.096026513073e+03,43.470,44.008,1400000,1,"14.2.0","rpi3-armv7-neon-O3"
1786010931,neon,64,64,500,20,0,1,1,0.274014896,7.474046,133.796336,0.538131,6.455713839e-06,1.641727066e-03,4.096026513073e+03,43.470,43.470,1400000,1,"14.2.0","rpi3-armv7-neon-O3"
1786010931,neon,64,64,500,20,0,1,1,0.272210000,7.523603,132.915039,0.541699,6.455713839e-06,1.641727066e-03,4.096026513073e+03,43.470,44.008,1400000,1,"14.2.0","rpi3-armv7-neon-O3"
1786010932,aos,64,64,500,20,0,1,1,0.466927969,4.386115,227.992172,0.315800,3.728472584e-06,1.629757779e-03,4.096015303780e+03,43.470,42.932,1400000,1,"14.2.0","rpi3-armv7-neon-O3"
1786010932,aos,64,64,500,20,0,1,1,0.466485364,4.390277,227.776057,0.316100,3.728472584e-06,1.629757779e-03,4.096015303780e+03,42.932,42.932,1400000,1,"14.2.0","rpi3-armv7-neon-O3"
1786010933,aos,64,64,500,20,0,1,1,0.467794791,4.377988,228.415425,0.315215,3.728472584e-06,1.629757779e-03,4.096015303780e+03,43.470,42.932,1400000,1,"14.2.0","rpi3-armv7-neon-O3"
1786010933,aos,64,64,500,20,0,1,1,0.466751198,4.387777,227.905858,0.315920,3.728472584e-06,1.629757779e-03,4.096015303780e+03,43.470,42.932,1400000,1,"14.2.0","rpi3-armv7-neon-O3"
1786010934,aos,64,64,500,20,0,1,1,0.466293073,4.392088,227.682165,0.316230,3.728472584e-06,1.629757779e-03,4.096015303780e+03,43.470,42.932,1400000,1,"14.2.0","rpi3-armv7-neon-O3"
1786010934,aos,64,64,500,20,0,1,1,0.466800104,4.387317,227.929738,0.315887,3.728472584e-06,1.629757779e-03,4.096015303780e+03,43.470,42.932,1400000,1,"14.2.0","rpi3-armv7-neon-O3"
1786010935,aos,64,64,500,20,0,1,1,0.467163698,4.383902,228.107274,0.315641,3.728472584e-06,1.629757779e-03,4.096015303780e+03,43.470,42.932,1400000,1,"14.2.0","rpi3-armv7-neon-O3"
1786010935,aos,64,64,500,20,0,1,1,0.466639167,4.388830,227.851156,0.315996,3.728472584e-06,1.629757779e-03,4.096015303780e+03,42.394,42.932,1400000,1,"14.2.0","rpi3-armv7-neon-O3"
1786010936,aos,64,64,500,20,0,1,1,0.466761146,4.387683,227.910716,0.315913,3.728472584e-06,1.629757779e-03,4.096015303780e+03,42.932,43.470,1400000,1,"14.2.0","rpi3-armv7-neon-O3"
1786010936,aos,64,64,500,20,0,1,1,0.466835364,4.386986,227.946955,0.315863,3.728472584e-06,1.629757779e-03,4.096015303780e+03,42.932,43.470,1400000,1,"14.2.0","rpi3-armv7-neon-O3"
1786010939,auto,128,128,500,20,0,1,1,2.502751405,3.273198,305.511646,0.235670,3.712342586e-06,2.990784168e-03,1.638406094507e+04,42.932,43.470,1400000,1,"14.2.0","rpi3-armv7-neon-O3"
1786010941,auto,128,128,500,20,0,1,1,2.402383385,3.409947,293.259691,0.245516,3.712342586e-06,2.990784168e-03,1.638406094507e+04,44.008,44.008,1400000,1,"14.2.0","rpi3-armv7-neon-O3"
1786010944,auto,128,128,500,20,0,1,1,2.530694114,3.237057,308.922621,0.233068,3.712342586e-06,2.990784168e-03,1.638406094507e+04,42.932,44.008,1400000,1,"14.2.0","rpi3-armv7-neon-O3"
1786010947,auto,128,128,500,20,0,1,1,2.518322759,3.252959,307.412446,0.234213,3.712342586e-06,2.990784168e-03,1.638406094507e+04,44.008,44.008,1400000,1,"14.2.0","rpi3-armv7-neon-O3"
1786010949,auto,128,128,500,20,0,1,1,2.436218020,3.362589,297.389895,0.242106,3.712342586e-06,2.990784168e-03,1.638406094507e+04,44.008,44.546,1400000,1,"14.2.0","rpi3-armv7-neon-O3"
1786010952,auto,128,128,500,20,0,1,1,2.467556301,3.319884,301.215369,0.239032,3.712342586e-06,2.990784168e-03,1.638406094507e+04,44.546,44.546,1400000,1,"14.2.0","rpi3-armv7-neon-O3"
1786010955,auto,128,128,500,20,0,1,1,2.674360780,3.063162,326.460056,0.220548,3.712342586e-06,2.990784168e-03,1.638406094507e+04,44.546,44.008,1400000,1,"14.2.0","rpi3-armv7-neon-O3"
1786010957,auto,128,128,500,20,0,1,1,2.371951978,3.453696,289.544919,0.248666,3.712342586e-06,2.990784168e-03,1.638406094507e+04,44.546,44.008,1400000,1,"14.2.0","rpi3-armv7-neon-O3"
1786010960,auto,128,128,500,20,0,1,1,2.421677031,3.382780,295.614872,0.243560,3.712342586e-06,2.990784168e-03,1.638406094507e+04,44.008,45.084,1400000,1,"14.2.0","rpi3-armv7-neon-O3"
1786010962,auto,128,128,500,20,0,1,1,2.475023905,3.309867,302.126942,0.238310,3.712342586e-06,2.990784168e-03,1.638406094507e+04,44.546,44.546,1400000,1,"14.2.0","rpi3-armv7-neon-O3"
1786010964,neon,128,128,500,20,0,1,1,1.664451249,4.921742,203.180084,0.354365,6.758050003e-06,2.992303785e-03,1.638411098114e+04,45.084,44.546,1400000,1,"14.2.0","rpi3-armv7-neon-O3"
1786010966,neon,128,128,500,20,0,1,1,1.678678229,4.880030,204.916776,0.351362,6.758050003e-06,2.992303785e-03,1.638411098114e+04,44.008,44.546,1400000,1,"14.2.0","rpi3-armv7-neon-O3"
1786010968,neon,128,128,500,20,0,1,1,1.655891405,4.947184,202.135181,0.356197,6.758050003e-06,2.992303785e-03,1.638411098114e+04,44.546,44.546,1400000,1,"14.2.0","rpi3-armv7-neon-O3"
1786010970,neon,128,128,500,20,0,1,1,1.635765677,5.008052,199.678427,0.360580,6.758050003e-06,2.992303785e-03,1.638411098114e+04,44.546,43.470,1400000,1,"14.2.0","rpi3-armv7-neon-O3"
1786010971,neon,128,128,500,20,0,1,1,1.682568489,4.868747,205.391661,0.350550,6.758050003e-06,2.992303785e-03,1.638411098114e+04,44.546,44.008,1400000,1,"14.2.0","rpi3-armv7-neon-O3"
1786010973,neon,128,128,500,20,0,1,1,1.654554114,4.951183,201.971938,0.356485,6.758050003e-06,2.992303785e-03,1.638411098114e+04,44.008,44.008,1400000,1,"14.2.0","rpi3-armv7-neon-O3"
1786010975,neon,128,128,500,20,0,1,1,1.675503437,4.889277,204.529228,0.352028,6.758050003e-06,2.992303785e-03,1.638411098114e+04,44.546,44.008,1400000,1,"14.2.0","rpi3-armv7-neon-O3"
1786010977,neon,128,128,500,20,0,1,1,1.658434843,4.939597,202.445660,0.355651,6.758050003e-06,2.992303785e-03,1.638411098114e+04,44.008,45.084,1400000,1,"14.2.0","rpi3-armv7-neon-O3"
1786010978,neon,128,128,500,20,0,1,1,1.678323020,4.881063,204.873416,0.351437,6.758050003e-06,2.992303785e-03,1.638411098114e+04,44.008,44.546,1400000,1,"14.2.0","rpi3-armv7-neon-O3"
1786010980,neon,128,128,500,20,0,1,1,1.666255884,4.916412,203.400376,0.353982,6.758050003e-06,2.992303785e-03,1.638411098114e+04,44.008,44.008,1400000,1,"14.2.0","rpi3-armv7-neon-O3"
1786010982,aos,128,128,500,20,0,1,1,1.998292708,4.099500,243.932215,0.295164,3.735816985e-06,2.990514071e-03,1.638406134361e+04,44.008,43.470,1400000,1,"14.2.0","rpi3-armv7-neon-O3"
1786010984,aos,128,128,500,20,0,1,1,1.991717656,4.113033,243.129597,0.296138,3.735816985e-06,2.990514071e-03,1.638406134361e+04,44.008,44.008,1400000,1,"14.2.0","rpi3-armv7-neon-O3"
1786010987,aos,128,128,500,20,0,1,1,1.987638384,4.121474,242.631639,0.296746,3.735816985e-06,2.990514071e-03,1.638406134361e+04,43.470,44.008,1400000,1,"14.2.0","rpi3-armv7-neon-O3"
1786010989,aos,128,128,500,20,0,1,1,1.995328593,4.105589,243.570385,0.295602,3.735816985e-06,2.990514071e-03,1.638406134361e+04,44.546,44.008,1400000,1,"14.2.0","rpi3-armv7-neon-O3"
1786010991,aos,128,128,500,20,0,1,1,2.000876874,4.094205,244.247665,0.294783,3.735816985e-06,2.990514071e-03,1.638406134361e+04,44.008,44.008,1400000,1,"14.2.0","rpi3-armv7-neon-O3"
1786010993,aos,128,128,500,20,0,1,1,1.995388280,4.105467,243.577671,0.295594,3.735816985e-06,2.990514071e-03,1.638406134361e+04,44.008,44.008,1400000,1,"14.2.0","rpi3-armv7-neon-O3"
1786010995,aos,128,128,500,20,0,1,1,1.987696770,4.121353,242.638766,0.296737,3.735816985e-06,2.990514071e-03,1.638406134361e+04,44.008,44.008,1400000,1,"14.2.0","rpi3-armv7-neon-O3"
1786010997,aos,128,128,500,20,0,1,1,1.995742447,4.104738,243.620904,0.295541,3.735816985e-06,2.990514071e-03,1.638406134361e+04,44.008,43.470,1400000,1,"14.2.0","rpi3-armv7-neon-O3"
1786010999,aos,128,128,500,20,0,1,1,1.999213749,4.097611,244.044647,0.295028,3.735816985e-06,2.990514071e-03,1.638406134361e+04,44.008,44.008,1400000,1,"14.2.0","rpi3-armv7-neon-O3"
1786011001,aos,128,128,500,20,0,1,1,1.995350363,4.105545,243.573042,0.295599,3.735816985e-06,2.990514071e-03,1.638406134361e+04,44.008,44.008,1400000,1,"14.2.0","rpi3-armv7-neon-O3"
1786011004,soa,128,128,500,20,0,1,1,2.973507864,2.754995,362.977034,0.198360,3.735816985e-06,2.990514071e-03,1.638406134361e+04,44.008,44.008,1400000,1,"14.2.0","rpi3-armv7-neon-O3"
1786011008,soa,128,128,500,20,0,1,1,3.121091040,2.624723,380.992559,0.188980,3.735816985e-06,2.990514071e-03,1.638406134361e+04,44.546,44.008,1400000,1,"14.2.0","rpi3-armv7-neon-O3"
1786011011,soa,128,128,500,20,0,1,1,2.821739947,2.903173,344.450677,0.209028,3.735816985e-06,2.990514071e-03,1.638406134361e+04,44.546,45.084,1400000,1,"14.2.0","rpi3-armv7-neon-O3"
1786011014,soa,128,128,500,20,0,1,1,2.980780207,2.748274,363.864771,0.197876,3.735816985e-06,2.990514071e-03,1.638406134361e+04,45.084,44.546,1400000,1,"14.2.0","rpi3-armv7-neon-O3"
1786011017,soa,128,128,500,20,0,1,1,3.071892603,2.666760,374.986890,0.192007,3.735816985e-06,2.990514071e-03,1.638406134361e+04,44.546,45.084,1400000,1,"14.2.0","rpi3-armv7-neon-O3"
1786011020,soa,128,128,500,20,0,1,1,3.029884790,2.703733,369.858983,0.194669,3.735816985e-06,2.990514071e-03,1.638406134361e+04,45.084,45.084,1400000,1,"14.2.0","rpi3-armv7-neon-O3"
1786011024,soa,128,128,500,20,0,1,1,3.002117812,2.728740,366.469459,0.196469,3.735816985e-06,2.990514071e-03,1.638406134361e+04,44.546,44.546,1400000,1,"14.2.0","rpi3-armv7-neon-O3"
1786011026,soa,128,128,500,20,0,1,1,2.762106093,2.965853,337.171154,0.213541,3.735816985e-06,2.990514071e-03,1.638406134361e+04,44.546,45.084,1400000,1,"14.2.0","rpi3-armv7-neon-O3"
1786011030,soa,128,128,500,20,0,1,1,2.996144009,2.734181,365.740235,0.196861,3.735816985e-06,2.990514071e-03,1.638406134361e+04,45.084,45.084,1400000,1,"14.2.0","rpi3-armv7-neon-O3"
1786011033,soa,128,128,500,20,0,1,1,2.958575936,2.768900,361.154289,0.199361,3.735816985e-06,2.990514071e-03,1.638406134361e+04,45.084,45.084,1400000,1,"14.2.0","rpi3-armv7-neon-O3"
1786011040,neon,256,256,500,20,0,1,1,6.846965934,4.785769,208.952818,0.344575,6.718724881e-06,2.722678889e-02,6.553644121617e+04,45.084,44.008,1400000,1,"14.2.0","rpi3-armv7-neon-O3"
1786011047,neon,256,256,500,20,0,1,1,6.965681716,4.704206,212.575736,0.338703,6.718724881e-06,2.722678889e-02,6.553644121617e+04,44.008,45.084,1400000,1,"14.2.0","rpi3-armv7-neon-O3"
1786011055,neon,256,256,500,20,0,1,1,6.817604269,4.806380,208.056771,0.346059,6.718724881e-06,2.722678889e-02,6.553644121617e+04,44.546,44.546,1400000,1,"14.2.0","rpi3-armv7-neon-O3"
1786011062,neon,256,256,500,20,0,1,1,6.947609894,4.716442,212.024228,0.339584,6.718724881e-06,2.722678889e-02,6.553644121617e+04,44.546,44.008,1400000,1,"14.2.0","rpi3-armv7-neon-O3"
1786011069,neon,256,256,500,20,0,1,1,6.956753800,4.710243,212.303278,0.339137,6.718724881e-06,2.722678889e-02,6.553644121617e+04,44.546,45.084,1400000,1,"14.2.0","rpi3-armv7-neon-O3"
1786011077,neon,256,256,500,20,0,1,1,6.819505153,4.805041,208.114781,0.345963,6.718724881e-06,2.722678889e-02,6.553644121617e+04,45.084,44.546,1400000,1,"14.2.0","rpi3-armv7-neon-O3"
1786011084,neon,256,256,500,20,0,1,1,6.923567132,4.732820,211.290501,0.340763,6.718724881e-06,2.722678889e-02,6.553644121617e+04,45.084,45.084,1400000,1,"14.2.0","rpi3-armv7-neon-O3"
1786011091,neon,256,256,500,20,0,1,1,7.034294060,4.658321,214.669619,0.335399,6.718724881e-06,2.722678889e-02,6.553644121617e+04,44.008,45.084,1400000,1,"14.2.0","rpi3-armv7-neon-O3"
1786011099,neon,256,256,500,20,0,1,1,6.969006507,4.701961,212.677201,0.338541,6.718724881e-06,2.722678889e-02,6.553644121617e+04,44.546,44.008,1400000,1,"14.2.0","rpi3-armv7-neon-O3"
1786011106,neon,256,256,500,20,0,1,1,6.926235883,4.730997,211.371945,0.340632,6.718724881e-06,2.722678889e-02,6.553644121617e+04,45.084,44.546,1400000,1,"14.2.0","rpi3-armv7-neon-O3"
1786011115,aos,256,256,500,20,0,1,1,8.100686976,4.045089,247.213348,0.291246,3.744466169e-06,2.722721542e-02,6.553624582341e+04,44.546,45.084,1400000,1,"14.2.0","rpi3-armv7-neon-O3"
1786011123,aos,256,256,500,20,0,1,1,8.092140310,4.049361,246.952524,0.291554,3.744466169e-06,2.722721542e-02,6.553624582341e+04,44.008,44.008,1400000,1,"14.2.0","rpi3-armv7-neon-O3"
1786011132,aos,256,256,500,20,0,1,1,8.103391664,4.043739,247.295888,0.291149,3.744466169e-06,2.722721542e-02,6.553624582341e+04,44.008,44.008,1400000,1,"14.2.0","rpi3-armv7-neon-O3"
1786011140,aos,256,256,500,20,0,1,1,8.085095466,4.052890,246.737533,0.291808,3.744466169e-06,2.722721542e-02,6.553624582341e+04,44.008,44.008,1400000,1,"14.2.0","rpi3-armv7-neon-O3"
1786011149,aos,256,256,500,20,0,1,1,8.106239111,4.042318,247.382785,0.291047,3.744466169e-06,2.722721542e-02,6.553624582341e+04,44.008,43.470,1400000,1,"14.2.0","rpi3-armv7-neon-O3"
1786011157,aos,256,256,500,20,0,1,1,8.084677444,4.053099,246.724776,0.291823,3.744466169e-06,2.722721542e-02,6.553624582341e+04,44.008,44.546,1400000,1,"14.2.0","rpi3-armv7-neon-O3"
1786011166,aos,256,256,500,20,0,1,1,8.092956299,4.048953,246.977426,0.291525,3.744466169e-06,2.722721542e-02,6.553624582341e+04,44.008,44.546,1400000,1,"14.2.0","rpi3-armv7-neon-O3"
1786011174,aos,256,256,500,20,0,1,1,8.094926246,4.047968,247.037544,0.291454,3.744466169e-06,2.722721542e-02,6.553624582341e+04,44.546,44.008,1400000,1,"14.2.0","rpi3-armv7-neon-O3"
1786011182,aos,256,256,500,20,0,1,1,8.093561351,4.048650,246.995891,0.291503,3.744466169e-06,2.722721542e-02,6.553624582341e+04,44.008,44.546,1400000,1,"14.2.0","rpi3-armv7-neon-O3"
1786011191,aos,256,256,500,20,0,1,1,8.088110570,4.051379,246.829546,0.291699,3.744466169e-06,2.722721542e-02,6.553624582341e+04,44.008,44.008,1400000,1,"14.2.0","rpi3-armv7-neon-O3"
1786011205,soa,256,256,500,20,0,1,1,13.160736662,2.489830,401.633809,0.179268,3.744466169e-06,2.722721542e-02,6.553624582341e+04,44.008,45.084,1400000,1,"14.2.0","rpi3-armv7-neon-O3"
1786011218,soa,256,256,500,20,0,1,1,12.370187703,2.648949,377.508170,0.190724,3.744466169e-06,2.722721542e-02,6.553624582341e+04,45.084,45.084,1400000,1,"14.2.0","rpi3-armv7-neon-O3"
1786011232,soa,256,256,500,20,0,1,1,13.114563485,2.498596,400.224716,0.179899,3.744466169e-06,2.722721542e-02,6.553624582341e+04,45.084,45.084,1400000,1,"14.2.0","rpi3-armv7-neon-O3"
1786011245,soa,256,256,500,20,0,1,1,12.353795308,2.652464,377.007913,0.190977,3.744466169e-06,2.722721542e-02,6.553624582341e+04,45.084,45.084,1400000,1,"14.2.0","rpi3-armv7-neon-O3"
1786011259,soa,256,256,500,20,0,1,1,13.459118172,2.434632,410.739690,0.175294,3.744466169e-06,2.722721542e-02,6.553624582341e+04,45.084,45.084,1400000,1,"14.2.0","rpi3-armv7-neon-O3"
1786011272,soa,256,256,500,20,0,1,1,13.035647651,2.513722,397.816396,0.180988,3.744466169e-06,2.722721542e-02,6.553624582341e+04,45.084,45.084,1400000,1,"14.2.0","rpi3-armv7-neon-O3"
1786011286,soa,256,256,500,20,0,1,1,12.869491505,2.546177,392.745712,0.183325,3.744466169e-06,2.722721542e-02,6.553624582341e+04,45.084,45.084,1400000,1,"14.2.0","rpi3-armv7-neon-O3"
1786011299,soa,256,256,500,20,0,1,1,12.390857339,2.644530,378.138957,0.190406,3.744466169e-06,2.722721542e-02,6.553624582341e+04,45.084,45.084,1400000,1,"14.2.0","rpi3-armv7-neon-O3"
1786011313,soa,256,256,500,20,0,1,1,13.562531505,2.416068,413.895615,0.173957,3.744466169e-06,2.722721542e-02,6.553624582341e+04,45.084,45.084,1400000,1,"14.2.0","rpi3-armv7-neon-O3"
1786011327,soa,256,256,500,20,0,1,1,12.770006661,2.566013,389.709676,0.184753,3.744466169e-06,2.722721542e-02,6.553624582341e+04,45.084,45.084,1400000,1,"14.2.0","rpi3-armv7-neon-O3"
1786011338,auto,256,256,500,20,0,1,1,11.321034787,2.894435,345.490564,0.208399,3.732805851e-06,2.722709698e-02,6.553624514845e+04,44.546,45.084,1400000,1,"14.2.0","rpi3-armv7-neon-O3"
1786011350,auto,256,256,500,20,0,1,1,10.505466038,3.119138,320.601381,0.224578,3.732805851e-06,2.722709698e-02,6.553624514845e+04,45.084,45.084,1400000,1,"14.2.0","rpi3-armv7-neon-O3"
1786011362,auto,256,256,500,20,0,1,1,11.838974631,2.767807,361.296833,0.199282,3.732805851e-06,2.722709698e-02,6.553624514845e+04,45.084,45.084,1400000,1,"14.2.0","rpi3-armv7-neon-O3"
1786011374,auto,256,256,500,20,0,1,1,11.077605204,2.958040,338.061682,0.212979,3.732805851e-06,2.722709698e-02,6.553624514845e+04,45.084,45.084,1400000,1,"14.2.0","rpi3-armv7-neon-O3"
1786011385,auto,256,256,500,20,0,1,1,11.137192912,2.942214,339.880155,0.211839,3.732805851e-06,2.722709698e-02,6.553624514845e+04,45.084,45.084,1400000,1,"14.2.0","rpi3-armv7-neon-O3"
1786011397,auto,256,256,500,20,0,1,1,10.661496715,3.073490,325.363059,0.221291,3.732805851e-06,2.722709698e-02,6.553624514845e+04,45.622,45.622,1400000,1,"14.2.0","rpi3-armv7-neon-O3"
1786011408,auto,256,256,500,20,0,1,1,10.846024683,3.021199,330.994406,0.217526,3.732805851e-06,2.722709698e-02,6.553624514845e+04,45.084,45.084,1400000,1,"14.2.0","rpi3-armv7-neon-O3"
1786011420,auto,256,256,500,20,0,1,1,11.407667183,2.872454,348.134374,0.206817,3.732805851e-06,2.722709698e-02,6.553624514845e+04,45.084,45.084,1400000,1,"14.2.0","rpi3-armv7-neon-O3"
1786011431,auto,256,256,500,20,0,1,1,10.480903642,3.126448,319.851796,0.225104,3.732805851e-06,2.722709698e-02,6.553624514845e+04,45.084,45.084,1400000,1,"14.2.0","rpi3-armv7-neon-O3"
1786011443,auto,256,256,500,20,0,1,1,11.191879579,2.927837,341.549059,0.210804,3.732805851e-06,2.722709698e-02,6.553624514845e+04,45.622,45.622,1400000,1,"14.2.0","rpi3-armv7-neon-O3"
1786011477,aos,512,512,500,20,0,1,1,32.764013529,4.000487,249.969586,0.288035,3.726882837e-06,2.133268673e-02,2.621449789497e+05,45.084,44.546,1400000,1,"14.2.0","rpi3-armv7-neon-O3"
1786011512,aos,512,512,500,20,0,1,1,32.810358686,3.994836,250.323171,0.287628,3.726882837e-06,2.133268673e-02,2.621449789497e+05,45.084,44.008,1400000,1,"14.2.0","rpi3-armv7-neon-O3"
1786011546,aos,512,512,500,20,0,1,1,32.798226290,3.996314,250.230608,0.287735,3.726882837e-06,2.133268673e-02,2.621449789497e+05,44.008,44.546,1400000,1,"14.2.0","rpi3-armv7-neon-O3"
1786011580,aos,512,512,500,20,0,1,1,32.822525456,3.993355,250.415996,0.287522,3.726882837e-06,2.133268673e-02,2.621449789497e+05,44.546,44.546,1400000,1,"14.2.0","rpi3-armv7-neon-O3"
1786011615,aos,512,512,500,20,0,1,1,32.808926133,3.995010,250.312242,0.287641,3.726882837e-06,2.133268673e-02,2.621449789497e+05,44.008,44.546,1400000,1,"14.2.0","rpi3-armv7-neon-O3"
1786011649,aos,512,512,500,20,0,1,1,32.771711237,3.999547,250.028314,0.287967,3.726882837e-06,2.133268673e-02,2.621449789497e+05,44.008,44.008,1400000,1,"14.2.0","rpi3-armv7-neon-O3"
1786011683,aos,512,512,500,20,0,1,1,32.786422800,3.997752,250.140555,0.287838,3.726882837e-06,2.133268673e-02,2.621449789497e+05,44.008,44.008,1400000,1,"14.2.0","rpi3-armv7-neon-O3"
1786011718,aos,512,512,500,20,0,1,1,32.756077800,4.001456,249.909041,0.288105,3.726882837e-06,2.133268673e-02,2.621449789497e+05,44.008,44.546,1400000,1,"14.2.0","rpi3-armv7-neon-O3"
1786011752,aos,512,512,500,20,0,1,1,32.785225560,3.997898,250.131421,0.287849,3.726882837e-06,2.133268673e-02,2.621449789497e+05,44.008,44.008,1400000,1,"14.2.0","rpi3-armv7-neon-O3"
1786011786,aos,512,512,500,20,0,1,1,32.783043998,3.998164,250.114777,0.287868,3.726882837e-06,2.133268673e-02,2.621449789497e+05,44.008,43.470,1400000,1,"14.2.0","rpi3-armv7-neon-O3"
1786011858,soa,512,512,500,20,0,1,1,68.022618256,1.926888,518.971392,0.138736,3.726882837e-06,2.133268673e-02,2.621449789497e+05,44.008,44.546,1400000,1,"14.2.0","rpi3-armv7-neon-O3"
1786011930,soa,512,512,500,20,0,1,1,69.220758984,1.893536,528.112480,0.136335,3.726882837e-06,2.133268673e-02,2.621449789497e+05,45.084,44.008,1400000,1,"14.2.0","rpi3-armv7-neon-O3"
1786012003,soa,512,512,500,20,0,1,1,69.746383046,1.879266,532.122673,0.135307,3.726882837e-06,2.133268673e-02,2.621449789497e+05,45.084,44.546,1400000,1,"14.2.0","rpi3-armv7-neon-O3"
1786012076,soa,512,512,500,20,0,1,1,68.920399661,1.901788,525.820920,0.136929,3.726882837e-06,2.133268673e-02,2.621449789497e+05,45.084,45.084,1400000,1,"14.2.0","rpi3-armv7-neon-O3"
1786012149,soa,512,512,500,20,0,1,1,70.091339088,1.870017,534.754479,0.134641,3.726882837e-06,2.133268673e-02,2.621449789497e+05,45.084,44.008,1400000,1,"14.2.0","rpi3-armv7-neon-O3"
1786012218,soa,512,512,500,20,0,1,1,66.362560912,1.975090,506.306159,0.142206,3.726882837e-06,2.133268673e-02,2.621449789497e+05,44.546,44.008,1400000,1,"14.2.0","rpi3-armv7-neon-O3"
1786012291,soa,512,512,500,20,0,1,1,69.543960651,1.884736,530.578313,0.135701,3.726882837e-06,2.133268673e-02,2.621449789497e+05,44.008,44.546,1400000,1,"14.2.0","rpi3-armv7-neon-O3"
1786012364,soa,512,512,500,20,0,1,1,69.289657839,1.891653,528.638137,0.136199,3.726882837e-06,2.133268673e-02,2.621449789497e+05,44.008,44.546,1400000,1,"14.2.0","rpi3-armv7-neon-O3"
1786012435,soa,512,512,500,20,0,1,1,67.365008203,1.945699,513.954225,0.140090,3.726882837e-06,2.133268673e-02,2.621449789497e+05,44.546,44.546,1400000,1,"14.2.0","rpi3-armv7-neon-O3"
1786012507,soa,512,512,500,20,0,1,1,69.188896692,1.894408,527.869390,0.136397,3.726882837e-06,2.133268673e-02,2.621449789497e+05,44.546,45.084,1400000,1,"14.2.0","rpi3-armv7-neon-O3"
1786012572,auto,512,512,500,20,0,1,1,62.090460028,2.110985,473.712616,0.151991,3.732577297e-06,2.133259626e-02,2.621449805467e+05,44.008,44.008,1400000,1,"14.2.0","rpi3-armv7-neon-O3"
1786012633,auto,512,512,500,20,0,1,1,58.184294770,2.252704,443.910940,0.162195,3.732577297e-06,2.133259626e-02,2.621449805467e+05,45.084,44.546,1400000,1,"14.2.0","rpi3-armv7-neon-O3"
1786012695,auto,512,512,500,20,0,1,1,58.533659665,2.239259,446.576383,0.161227,3.732577297e-06,2.133259626e-02,2.621449805467e+05,45.084,45.084,1400000,1,"14.2.0","rpi3-armv7-neon-O3"
1786012759,auto,512,512,500,20,0,1,1,61.355131696,2.136284,468.102506,0.153812,3.732577297e-06,2.133259626e-02,2.621449805467e+05,44.546,45.084,1400000,1,"14.2.0","rpi3-armv7-neon-O3"
1786012820,auto,512,512,500,20,0,1,1,58.209390707,2.251733,444.102407,0.162125,3.732577297e-06,2.133259626e-02,2.621449805467e+05,45.084,45.084,1400000,1,"14.2.0","rpi3-armv7-neon-O3"
1786012887,auto,512,512,500,20,0,1,1,63.526321382,2.063271,484.667369,0.148555,3.732577297e-06,2.133259626e-02,2.621449805467e+05,45.084,44.546,1400000,1,"14.2.0","rpi3-armv7-neon-O3"
1786012948,auto,512,512,500,20,0,1,1,58.315380394,2.247640,444.911044,0.161830,3.732577297e-06,2.133259626e-02,2.621449805467e+05,44.546,45.084,1400000,1,"14.2.0","rpi3-armv7-neon-O3"
1786013009,auto,512,512,500,20,0,1,1,57.939757114,2.262212,442.045266,0.162879,3.732577297e-06,2.133259626e-02,2.621449805467e+05,45.084,44.546,1400000,1,"14.2.0","rpi3-armv7-neon-O3"
1786013070,auto,512,512,500,20,0,1,1,58.259259874,2.249805,444.482879,0.161986,3.732577297e-06,2.133259626e-02,2.621449805467e+05,45.084,45.084,1400000,1,"14.2.0","rpi3-armv7-neon-O3"
1786013130,auto,512,512,500,20,0,1,1,57.381469406,2.284222,437.785869,0.164464,3.732577297e-06,2.133259626e-02,2.621449805467e+05,45.084,45.084,1400000,1,"14.2.0","rpi3-armv7-neon-O3"
1786013163,neon,512,512,500,20,0,1,1,31.642241967,4.142311,241.411148,0.298246,6.669360143e-06,2.133200065e-02,2.621457519855e+05,44.546,45.084,1400000,1,"14.2.0","rpi3-armv7-neon-O3"
1786013196,neon,512,512,500,20,0,1,1,30.918995613,4.239206,235.893216,0.305223,6.669360143e-06,2.133200065e-02,2.621457519855e+05,45.084,44.008,1400000,1,"14.2.0","rpi3-armv7-neon-O3"
1786013229,neon,512,512,500,20,0,1,1,31.055167280,4.220618,236.932123,0.303885,6.669360143e-06,2.133200065e-02,2.621457519855e+05,44.546,45.084,1400000,1,"14.2.0","rpi3-armv7-neon-O3"
1786013262,neon,512,512,500,20,0,1,1,30.914637957,4.239804,235.859970,0.305266,6.669360143e-06,2.133200065e-02,2.621457519855e+05,44.546,44.008,1400000,1,"14.2.0","rpi3-armv7-neon-O3"
1786013295,neon,512,512,500,20,0,1,1,31.285887123,4.189493,238.692376,0.301643,6.669360143e-06,2.133200065e-02,2.621457519855e+05,44.008,44.008,1400000,1,"14.2.0","rpi3-armv7-neon-O3"
1786013327,neon,512,512,500,20,0,1,1,30.973709988,4.231718,236.310654,0.304684,6.669360143e-06,2.133200065e-02,2.621457519855e+05,44.546,44.546,1400000,1,"14.2.0","rpi3-armv7-neon-O3"
1786013361,neon,512,512,500,20,0,1,1,31.782519415,4.124028,242.481380,0.296930,6.669360143e-06,2.133200065e-02,2.621457519855e+05,44.546,44.546,1400000,1,"14.2.0","rpi3-armv7-neon-O3"
1786013394,neon,512,512,500,20,0,1,1,31.015545614,4.226010,236.629834,0.304273,6.669360143e-06,2.133200065e-02,2.621457519855e+05,44.546,44.008,1400000,1,"14.2.0","rpi3-armv7-neon-O3"
1786013427,neon,512,512,500,20,0,1,1,31.157184363,4.206799,237.710452,0.302890,6.669360143e-06,2.133200065e-02,2.621457519855e+05,45.084,44.546,1400000,1,"14.2.0","rpi3-armv7-neon-O3"
1786013460,neon,512,512,500,20,0,1,1,31.894545456,4.109543,243.336071,0.295887,6.669360143e-06,2.133200065e-02,2.621457519855e+05,44.008,45.084,1400000,1,"14.2.0","rpi3-armv7-neon-O3"
1786013494,neon,512,512,500,20,0,1,1,31.500934623,4.160892,240.333058,0.299584,6.669360143e-06,2.133200065e-02,2.621457519855e+05,44.546,44.546,1400000,1,"14.2.0","rpi3-armv7-neon-O3"
1786013528,neon,512,512,500,20,0,1,1,32.617300509,4.018481,248.850254,0.289331,6.669360143e-06,2.133200065e-02,2.621457519855e+05,45.084,44.546,1400000,1,"14.2.0","rpi3-armv7-neon-O3"
1786013562,neon,512,512,500,20,0,1,1,31.594940873,4.148512,241.050269,0.298693,6.669360143e-06,2.133200065e-02,2.621457519855e+05,44.546,44.546,1400000,1,"14.2.0","rpi3-armv7-neon-O3"
1786013595,neon,512,512,500,20,0,1,1,31.157878946,4.206705,237.715751,0.302883,6.669360143e-06,2.133200065e-02,2.621457519855e+05,44.546,44.546,1400000,1,"14.2.0","rpi3-armv7-neon-O3"
1786013628,neon,512,512,500,20,0,1,1,31.384616811,4.176314,239.445624,0.300695,6.669360143e-06,2.133200065e-02,2.621457519855e+05,44.008,44.008,1400000,1,"14.2.0","rpi3-armv7-neon-O3"
1786013662,neon,512,512,500,20,0,1,1,32.223845508,4.067547,245.848431,0.292863,6.669360143e-06,2.133200065e-02,2.621457519855e+05,45.084,44.546,1400000,1,"14.2.0","rpi3-armv7-neon-O3"
1786013695,neon,512,512,500,20,0,1,1,31.744278217,4.128996,242.189623,0.297288,6.669360143e-06,2.133200065e-02,2.621457519855e+05,44.008,44.008,1400000,1,"14.2.0","rpi3-armv7-neon-O3"
1786013728,neon,512,512,500,20,0,1,1,30.938895145,4.236480,236.045037,0.305027,6.669360143e-06,2.133200065e-02,2.621457519855e+05,44.008,44.008,1400000,1,"14.2.0","rpi3-armv7-neon-O3"
1786013761,neon,512,512,500,20,0,1,1,30.799095821,4.255709,234.978453,0.306411,6.669360143e-06,2.133200065e-02,2.621457519855e+05,44.008,44.546,1400000,1,"14.2.0","rpi3-armv7-neon-O3"
1786013794,neon,512,512,500,20,0,1,1,31.164057957,4.205871,237.762893,0.302823,6.669360143e-06,2.133200065e-02,2.621457519855e+05,44.546,44.008,1400000,1,"14.2.0","rpi3-armv7-neon-O3"
1786013812,neon,512,512,500,20,0,2,1,16.799743118,7.802024,128.171868,0.561746,6.669360143e-06,2.133200065e-02,2.621457519855e+05,45.084,47.774,1400000,1,"14.2.0","rpi3-armv7-neon-O3"
1786013829,neon,512,512,500,20,0,2,1,16.350218483,8.016529,124.742267,0.577190,6.669360143e-06,2.133200065e-02,2.621457519855e+05,46.698,47.774,1400000,1,"14.2.0","rpi3-armv7-neon-O3"
1786013847,neon,512,512,500,20,0,2,1,16.361023066,8.011235,124.824700,0.576809,6.669360143e-06,2.133200065e-02,2.621457519855e+05,47.236,47.774,1400000,1,"14.2.0","rpi3-armv7-neon-O3"
1786013864,neon,512,512,500,20,0,2,1,16.516112077,7.936008,126.007935,0.571393,6.669360143e-06,2.133200065e-02,2.621457519855e+05,47.774,48.312,1400000,1,"14.2.0","rpi3-armv7-neon-O3"
1786013882,neon,512,512,500,20,0,2,1,16.491829213,7.947693,125.822672,0.572234,6.669360143e-06,2.133200065e-02,2.621457519855e+05,47.236,48.312,1400000,1,"14.2.0","rpi3-armv7-neon-O3"
1786013900,neon,512,512,500,20,0,2,1,16.958820150,7.728840,129.385530,0.556476,6.669360143e-06,2.133200065e-02,2.621457519855e+05,47.774,48.312,1400000,1,"14.2.0","rpi3-armv7-neon-O3"
1786013918,neon,512,512,500,20,0,2,1,16.376621557,8.003604,124.943707,0.576260,6.669360143e-06,2.133200065e-02,2.621457519855e+05,47.774,48.312,1400000,1,"14.2.0","rpi3-armv7-neon-O3"
1786013935,neon,512,512,500,20,0,2,1,16.290342129,8.045994,124.285447,0.579312,6.669360143e-06,2.133200065e-02,2.621457519855e+05,48.312,47.774,1400000,1,"14.2.0","rpi3-armv7-neon-O3"
1786013953,neon,512,512,500,20,0,2,1,16.563807963,7.913156,126.371826,0.569747,6.669360143e-06,2.133200065e-02,2.621457519855e+05,47.774,48.312,1400000,1,"14.2.0","rpi3-armv7-neon-O3"
1786013971,neon,512,512,500,20,0,2,1,16.465815202,7.960250,125.624200,0.573138,6.669360143e-06,2.133200065e-02,2.621457519855e+05,47.774,48.312,1400000,1,"14.2.0","rpi3-armv7-neon-O3"
1786013983,neon,512,512,500,20,0,3,1,11.755520673,11.149825,89.687505,0.802787,6.669360143e-06,2.133200065e-02,2.621457519855e+05,48.312,50.464,1400000,1,"14.2.0","rpi3-armv7-neon-O3"
1786013996,neon,512,512,500,20,0,3,1,11.686344318,11.215826,89.159731,0.807539,6.669360143e-06,2.133200065e-02,2.621457519855e+05,49.926,51.002,1400000,1,"14.2.0","rpi3-armv7-neon-O3"
1786014009,neon,512,512,500,20,0,3,1,11.716397808,11.187056,89.389021,0.805468,6.669360143e-06,2.133200065e-02,2.621457519855e+05,50.464,51.002,1400000,1,"14.2.0","rpi3-armv7-neon-O3"
1786014021,neon,512,512,500,20,0,3,1,11.559391506,11.339005,88.191158,0.816408,6.669360143e-06,2.133200065e-02,2.621457519855e+05,50.464,51.540,1400000,1,"14.2.0","rpi3-armv7-neon-O3"
1786014034,neon,512,512,500,20,0,3,1,11.630473797,11.269704,88.733473,0.811419,6.669360143e-06,2.133200065e-02,2.621457519855e+05,50.464,51.540,1400000,1,"14.2.0","rpi3-armv7-neon-O3"
1786014047,neon,512,512,500,20,0,3,1,11.718441923,11.185105,89.404617,0.805328,6.669360143e-06,2.133200065e-02,2.621457519855e+05,51.002,51.540,1400000,1,"14.2.0","rpi3-armv7-neon-O3"
1786014059,neon,512,512,500,20,0,3,1,11.785188798,11.121756,89.913855,0.800766,6.669360143e-06,2.133200065e-02,2.621457519855e+05,51.540,51.540,1400000,1,"14.2.0","rpi3-armv7-neon-O3"
1786014072,neon,512,512,500,20,0,3,1,11.826236975,11.083154,90.227028,0.797987,6.669360143e-06,2.133200065e-02,2.621457519855e+05,51.540,52.078,1400000,1,"14.2.0","rpi3-armv7-neon-O3"
1786014085,neon,512,512,500,20,0,3,1,11.566642912,11.331896,88.246482,0.815897,6.669360143e-06,2.133200065e-02,2.621457519855e+05,51.540,51.540,1400000,1,"14.2.0","rpi3-armv7-neon-O3"
1786014098,neon,512,512,500,20,0,3,1,11.767094110,11.138859,89.775803,0.801998,6.669360143e-06,2.133200065e-02,2.621457519855e+05,51.002,51.540,1400000,1,"14.2.0","rpi3-armv7-neon-O3"
1786014108,neon,512,512,500,20,0,4,1,9.699696924,13.513000,74.002815,0.972936,6.669360143e-06,2.133200065e-02,2.621457519855e+05,51.002,53.692,1400000,1,"14.2.0","rpi3-armv7-neon-O3"
1786014119,neon,512,512,500,20,0,4,1,9.696679215,13.517205,73.979791,0.973239,6.669360143e-06,2.133200065e-02,2.621457519855e+05,53.692,53.692,1400000,1,"14.2.0","rpi3-armv7-neon-O3"
1786014129,neon,512,512,500,20,0,4,1,9.574398173,13.689842,73.046861,0.985669,6.669360143e-06,2.133200065e-02,2.621457519855e+05,53.154,53.692,1400000,1,"14.2.0","rpi3-armv7-neon-O3"
1786014140,neon,512,512,500,20,0,4,1,9.575971976,13.687592,73.058868,0.985507,6.669360143e-06,2.133200065e-02,2.621457519855e+05,53.692,54.230,1400000,1,"14.2.0","rpi3-armv7-neon-O3"
1786014150,neon,512,512,500,20,0,4,1,9.603072497,13.648965,73.265629,0.982725,6.669360143e-06,2.133200065e-02,2.621457519855e+05,53.692,54.768,1400000,1,"14.2.0","rpi3-armv7-neon-O3"
1786014161,neon,512,512,500,20,0,4,1,9.629509944,13.611492,73.467331,0.980027,6.669360143e-06,2.133200065e-02,2.621457519855e+05,53.692,54.768,1400000,1,"14.2.0","rpi3-armv7-neon-O3"
1786014171,neon,512,512,500,20,0,4,1,9.831323903,13.332080,75.007049,0.959910,6.669360143e-06,2.133200065e-02,2.621457519855e+05,53.692,54.230,1400000,1,"14.2.0","rpi3-armv7-neon-O3"
1786014182,neon,512,512,500,20,0,4,1,9.626199528,13.616173,73.442074,0.980364,6.669360143e-06,2.133200065e-02,2.621457519855e+05,53.692,54.230,1400000,1,"14.2.0","rpi3-armv7-neon-O3"
1786014193,neon,512,512,500,20,0,4,1,9.655705361,13.574565,73.667186,0.977369,6.669360143e-06,2.133200065e-02,2.621457519855e+05,53.154,54.768,1400000,1,"14.2.0","rpi3-armv7-neon-O3"
1786014203,neon,512,512,500,20,0,4,1,9.675391871,13.546945,73.817382,0.975380,6.669360143e-06,2.133200065e-02,2.621457519855e+05,53.692,53.692,1400000,1,"14.2.0","rpi3-armv7-neon-O3"
